上位のクエリ,クリック数,表示回数,CTR,掲載順位
テキスト,73,168,43.45%,1.19
犬猫 種類,47,174,27.01%,2.19
種類犬猫,42,103,40.78%,1.19
テキスト メモ,14,51,27.45%,2.47
芝犬,12,90,13.33%,6.06
カフェ 犬猫,6,21,28.57%,1.14
犬猫 町田市民ホール,6,15,40%,1.53
犬猫 ミュージカル 2025,4,62,6.45%,3.26
秋田犬,3,61,4.92%,1.13
犬猫 名護,1,45,2.22%,5.62
アメリカンスコティッシュ 現在,1,1,100%,3
スフィンクス,0,123,0%,3.25
荒川区 バンビーノ,0,94,0%,66.79
荒川区 バンビーノ予約,0,89,0%,87.58
犬猫,0,73,0%,10.82
寺 種類,0,63,0%,7.71
町田市 バンビーノ,0,51,0%,74.16
エルフキャット,0,37,0%,4.78
取手市民会館,0,27,0%,51.93
かめありリリオホール 写真,0,24,0%,2.54
東村山市 バンビーノ予約,0,21,0%,86.67
亀有リリオホール,0,20,0%,11.55
蓮紹山 瑞光寺,0,17,0%,11.29
東御市文化会館,0,15,0%,36.07
ちゃうちゃう,0,14,0%,11.14
豊島公会堂,0,14,0%,21.71
駿優教育会館,0,11,0%,23.27
犬 認知,0,11,0%,24.45
ミュージカル 犬猫,0,10,0%,33.3
犬猫 画像,0,9,0%,30
サイベリアン 公演,0,8,0%,27.25
ロシアンブルー,0,7,0%,11.14
犬猫 ミュージカル,0,7,0%,13.14
町田市民ミュージカル,0,7,0%,29.86
いまを犬猫 種類,0,6,0%,82.83
犬猫 ミュージカル 2024,0,5,0%,8.4
町田 劇団,0,5,0%,9.8
サンテラスホール,0,5,0%,44.4
サイベリアン公演,0,4,0%,33.75
トンキニーズ,0,4,0%,33.75
オシキャット,0,4,0%,54.75
ペキニーズ,0,3,0%,6
かめありリリオホール,0,3,0%,11
サンシティ町田 事件,0,3,0%,15.67
ブルドッグ 成田,0,3,0%,35.67
今の犬猫 種類,0,3,0%,71
サンテラスふじ,0,3,0%,88.33
東村山市立中央公民館 写真,0,2,0%,3
駿優教育会館 写真,0,2,0%,7
犬猫。,0,2,0%,9.5
大塚ホール,0,2,0%,12.5
上尾市二ツ宮750,0,2,0%,29
東村山中央公民館,0,2,0%,40.5
取手市 市民会館,0,2,0%,51
取手市民会館 コンサート 予定,0,2,0%,88.5
草加市立文化会館,0,2,0%,92
イタリアングレーハウンド,0,1,0%,1
土佐犬,0,1,0%,1
パピヨン,0,1,0%,1
かめありリリオホール キャパ,0,1,0%,2
サイベリアン劇場 写真,0,1,0%,2
ミュージカル犬猫,0,1,0%,3
かめありホール,0,1,0%,9
町田 演劇,0,1,0%,9
あめありリリオホール,0,1,0%,10
南大塚ホール,0,1,0%,11
恩方病院 事件,0,1,0%,11